[
  {
    "id": "8ae5962c-d0b7-4a7c-9b99-a1d11cc004ba",
    "data": [
      {
        "text": "এখানে স্বাগতম",
        "userDefined": false
      }
    ],
    "isTemplate": false,
    "count": 0,
    "lang": "bn",
    "updated": 0
  },
  {
    "id": "ea5a2db3-dd0f-45cc-8163-32c78e08552b",
    "data": [
      {
        "text": "স্বাগতম",
        "userDefined": false
      }
    ],
    "isTemplate": false,
    "count": 0,
    "lang": "bn",
    "updated": 0
  },
  {
    "id": "8c1b51eb-595a-4f42-9d4d-0a448ff2f28d",
    "data": [
      {
        "text": "তোমাকে অনেক অনেক স্বাগতম",
        "userDefined": false
      }
    ],
    "isTemplate": false,
    "count": 0,
    "lang": "bn",
    "updated": 0
  },
  {
    "id": "fd599448-2ff0-437b-b23f-99997cac3215",
    "data": [
      {
        "text": "এটা আমার আনন্দ",
        "userDefined": false
      }
    ],
    "isTemplate": false,
    "count": 0,
    "lang": "bn",
    "updated": 0
  },
  {
    "id": "f2cad78b-3f04-432a-b2e6-dd01fddd45ac",
    "data": [
      {
        "text": "নিশ্চিত স্বাগতম",
        "userDefined": false
      }
    ],
    "isTemplate": false,
    "count": 0,
    "lang": "bn",
    "updated": 0
  },
  {
    "id": "16763114-c2ce-4cb1-a879-8094559156fb",
    "data": [
      {
        "text": "আমার আনন্দ",
        "userDefined": false
      }
    ],
    "isTemplate": false,
    "count": 0,
    "lang": "bn",
    "updated": 0
  },
  {
    "id": "e93ae63a-cd8c-47e6-acb1-645e808801b3",
    "data": [
      {
        "text": "তোমাকে স্বাগতম",
        "userDefined": false
      }
    ],
    "isTemplate": false,
    "count": 0,
    "lang": "bn",
    "updated": 0
  }
]