[
  {
    "id": "409ec843-7ec4-423d-a862-0cd446a106ed",
    "data": [
      {
        "text": "show me the menu",
        "userDefined": false
      }
    ],
    "isTemplate": false,
    "count": 0,
    "lang": "en",
    "updated": 0
  },
  {
    "id": "7562e444-a8ea-4627-b55d-cc14383867b2",
    "data": [
      {
        "text": "what are menu item",
        "userDefined": false
      }
    ],
    "isTemplate": false,
    "count": 0,
    "lang": "en",
    "updated": 0
  },
  {
    "id": "a2af8b6e-f631-439c-8b8a-647a146b05b0",
    "data": [
      {
        "text": "what\u0027s special in ",
        "userDefined": false
      },
      {
        "text": "today",
        "meta": "@sys.date-time",
        "alias": "date-time",
        "userDefined": false
      },
      {
        "text": " menu",
        "userDefined": false
      }
    ],
    "isTemplate": false,
    "count": 0,
    "lang": "en",
    "updated": 0
  },
  {
    "id": "b368f06d-e211-4b81-9626-5968ff94a2ef",
    "data": [
      {
        "text": "can you show me the menu",
        "userDefined": false
      }
    ],
    "isTemplate": false,
    "count": 0,
    "lang": "en",
    "updated": 0
  },
  {
    "id": "c093c5a6-77bd-456f-80df-d56b17caff8d",
    "data": [
      {
        "text": "what\u0027s the menu",
        "userDefined": false
      }
    ],
    "isTemplate": false,
    "count": 0,
    "lang": "en",
    "updated": 0
  }
]