[
  {
    "id": "f5df20f9-c619-46ce-8863-80e1af3c1b5c",
    "data": [
      {
        "text": "i would like to the review of the ",
        "userDefined": false
      },
      {
        "text": "dish",
        "meta": "@Dish",
        "alias": "Dish",
        "userDefined": true
      }
    ],
    "isTemplate": false,
    "count": 0,
    "lang": "en",
    "updated": 0
  },
  {
    "id": "f7f3f1f3-4ddf-4706-8dbf-b3c3bc3e3909",
    "data": [
      {
        "text": "dish",
        "meta": "@Dish",
        "alias": "Dish",
        "userDefined": true
      },
      {
        "text": "?",
        "userDefined": false
      }
    ],
    "isTemplate": false,
    "count": 0,
    "lang": "en",
    "updated": 0
  },
  {
    "id": "daf667b9-860e-4d6c-8238-9efeebf7e2a6",
    "data": [
      {
        "text": "what is the rating of the ",
        "userDefined": false
      },
      {
        "text": "dish",
        "meta": "@Dish",
        "alias": "Dish",
        "userDefined": true
      },
      {
        "text": "?",
        "userDefined": false
      }
    ],
    "isTemplate": false,
    "count": 0,
    "lang": "en",
    "updated": 0
  },
  {
    "id": "3d90e5bb-e6f2-4ff7-b69f-6c111f1c1b00",
    "data": [
      {
        "text": "i would like to look for reviews of ordered food",
        "userDefined": false
      }
    ],
    "isTemplate": false,
    "count": 0,
    "lang": "en",
    "updated": 0
  },
  {
    "id": "e8cc6f2b-4b66-4117-84a4-25ee31c44ecb",
    "data": [
      {
        "text": "iam looking for some food reviews",
        "userDefined": false
      }
    ],
    "isTemplate": false,
    "count": 0,
    "lang": "en",
    "updated": 0
  }
]